country,variable1,variable2,correlation,p_value,n_observations
FR,gdp,unemployment,-0.4081705507190803,0.05931864704647094,22
SE,gdp,unemployment,0.15530762079735697,0.51322759211979,20
AT,gdp,unemployment,-0.24645862200658086,0.3574824426987826,16
BE,gdp,unemployment,-0.7998130420756633,0.00019976742931935654,16
BG,gdp,unemployment,-0.8023753719543638,0.0001838797345171837,16
CY,gdp,unemployment,-0.6626600403240325,0.0051514865652454835,16
CZ,gdp,unemployment,-0.7818441857361003,0.00034633660991241814,16
DE,gdp,unemployment,-0.8488181254025128,3.214010260042704e-05,16
DK,gdp,unemployment,-0.7237303314533812,0.0015275964310172124,16
EA20,gdp,unemployment,-0.8747900650850275,9.233362849007035e-06,16
EE,gdp,unemployment,-0.6611188298701263,0.005293748519509004,16
EL,gdp,unemployment,-0.8222167915364068,9.275316940805768e-05,16
ES,gdp,unemployment,-0.8511097940251943,2.906639051410969e-05,16
EU27_2020,gdp,unemployment,-0.8765529631154283,8.4017151551503e-06,16
FI,gdp,unemployment,-0.5382012519128075,0.03150605155052025,16
HR,gdp,unemployment,-0.7507859196586355,0.0008037318868610397,16
HU,gdp,unemployment,-0.7382526563392229,0.0010923990545396067,16
IE,gdp,unemployment,-0.9123341180371743,8.441300901911258e-07,16
IS,gdp,unemployment,-0.7262403682190423,0.0014436867696967783,16
IT,gdp,unemployment,-0.5911495967086609,0.01588155231158693,16
LT,gdp,unemployment,-0.7302626408332064,0.0013170824819809196,16
LU,gdp,unemployment,0.20886170294676804,0.43757284393352075,16
LV,gdp,unemployment,-0.8358125909703545,5.522121358447186e-05,16
MK,gdp,unemployment,-0.9813530516574305,1.7208545041547293e-08,12
MT,gdp,unemployment,-0.9338908685293257,1.2410306634929647e-07,16
NL,gdp,unemployment,-0.7864699368001111,0.0003020733127727071,16
NO,gdp,unemployment,-0.420336928299744,0.10499687919380093,16
PL,gdp,unemployment,-0.8150893131699527,0.00011969317860632192,16
PT,gdp,unemployment,-0.7874820905061098,0.0002930411001730418,16
RO,gdp,unemployment,-0.8142325863838135,0.0001233296582341462,16
SI,gdp,unemployment,-0.8295308568263293,7.056252501417408e-05,16
SK,gdp,unemployment,-0.843943119727661,3.959214027325774e-05,16
TR,gdp,unemployment,-0.434649895919048,0.0924891075180864,16
CH,gdp,unemployment,-0.49992430908842295,0.05774275186281927,15
RS,gdp,unemployment,-0.7873813674458463,0.000493024413718388,15
ME,gdp,unemployment,-0.9387304550007404,5.723509170639854e-05,10
DK,gdp,population,0.9821998235890643,1.6153343546664135e-36,50
NO,gdp,population,0.9643119460577603,2.3538968602573968e-29,50
UK,gdp,population,0.9088006445016221,6.286020547571011e-18,45
FI,gdp,population,0.9785463025313095,3.894151587821568e-31,45
DE,gdp,population,0.5622324132789065,0.0005389089255224326,34
FR,gdp,population,0.9858058389432784,2.2519345084707217e-26,34
SE,gdp,population,0.9595892042097189,4.533695015116887e-18,32
AL,gdp,population,-0.8744188318729287,5.691105476650209e-10,29
AT,gdp,population,0.9910059818989351,5.254276027664785e-26,30
BE,gdp,population,0.9753865822496156,6.311125780676326e-20,30
BG,gdp,population,-0.9382281791170056,1.972247132824625e-14,30
CH,gdp,population,0.9856398353496979,3.557792367722283e-23,30
CY,gdp,population,0.9359857852009776,3.203975759918558e-14,30
CZ,gdp,population,0.861891926172492,9.47495966210288e-10,30
EA19,gdp,population,0.9633702489919139,1.532082870820905e-17,30
EE,gdp,population,-0.6161573594424076,0.00028873486305547465,30
EL,gdp,population,0.3308019453196126,0.07417361524272817,30
ES,gdp,population,0.9456268415351745,3.4616623780334186e-15,30
EU27_2020,gdp,population,0.9541554524665341,3.3489327209077886e-16,30
HR,gdp,population,-0.9097338133332846,3.3386637856294017e-12,30
HU,gdp,population,-0.9555315756082869,2.2044612281887979e-16,30
IE,gdp,population,0.9171931297379792,1.0461199406785358e-12,30
IS,gdp,population,0.9227861232077611,4.0706243225424045e-13,30
IT,gdp,population,0.7373287965878765,3.353505103742468e-06,30
LT,gdp,population,-0.8931641577735293,3.1814521227235403e-11,30
LU,gdp,population,0.992272398942448,6.3260847288301205e-27,30
LV,gdp,population,-0.9520127671416787,6.264322168474802e-16,30
MT,gdp,population,0.9923354746101603,5.6424769455113475e-27,30
NL,gdp,population,0.9830489648509295,3.5712656302652315e-22,30
PL,gdp,population,-0.9217738346691612,4.853924754450701e-13,30
PT,gdp,population,0.6605594043533074,7.107413044730152e-05,30
RO,gdp,population,-0.925604093059904,2.462030450307533e-13,30
SI,gdp,population,0.9461537321608328,3.0304104916913637e-15,30
SK,gdp,population,0.8045623032086301,8.407526367008949e-08,30
TR,gdp,population,0.9091010884801739,5.358486142909281e-11,27
RS,gdp,population,-0.9530106719226344,6.011560984419865e-14,26
BA,gdp,population,0.7329297671783653,0.0043705792670810165,13
MK,gdp,population,-0.371630456499956,0.07376193325830402,24
UA,gdp,population,-0.7373438437731316,5.9656325000426446e-05,23
ME,gdp,population,0.3827597227520544,0.10578426353786169,19
XK,gdp,population,-0.7947499148344137,0.0034668169114625345,11
LI,gdp,population,0.8828369590974019,0.0007140608812889719,10
EA20,gdp,population,0.9458028898026313,1.087076054476746e-05,11
AT,gdp,inflation,0.533277014196589,4.3764693318662615e-26,336
BE,gdp,inflation,0.37174182260709365,1.8851230765364025e-12,336
BG,gdp,inflation,-0.11226318304270153,0.043129580945477,325
CY,gdp,inflation,0.08126812737244092,0.13712634642004,336
CZ,gdp,inflation,0.2520028753666503,2.8999157878627418e-06,336
DE,gdp,inflation,0.48244382575070943,5.450067312204476e-21,336
DK,gdp,inflation,0.17222360973468992,0.001530398687133601,336
EA,gdp,inflation,0.34401375807917906,9.096143427704819e-11,336
EA19,gdp,inflation,0.33361704536989795,3.538416568060073e-10,336
EE,gdp,inflation,0.14585816414341016,0.007406387481862859,336
EL,gdp,inflation,0.105498236866592,0.05335917691820728,336
ES,gdp,inflation,0.0739060010247525,0.17652898499487243,336
FI,gdp,inflation,0.2245928283764703,3.256987707967055e-05,336
FR,gdp,inflation,0.376904683130327,8.78156592035483e-13,336
HU,gdp,inflation,-0.13705676159259905,0.011909729594789907,336
IE,gdp,inflation,0.12217455623259262,0.025120357408189305,336
IS,gdp,inflation,-0.1250645976046965,0.02185155692373839,336
IT,gdp,inflation,0.19562705184610985,0.000309213803958185,336
LT,gdp,inflation,0.2623023542663071,1.0836847664285958e-06,336
LU,gdp,inflation,0.13102706765127756,0.01625298121112336,336
LV,gdp,inflation,0.13000926469307458,0.017109031829386025,336
MT,gdp,inflation,0.0639919932805411,0.2420731559973968,336
NL,gdp,inflation,0.30928035222770106,7.0109905782892835e-09,336
NO,gdp,inflation,0.40709284151354247,7.628606100333598e-15,336
PL,gdp,inflation,-0.04946050267058983,0.3661011331732407,336
PT,gdp,inflation,0.13453740707707618,0.01358126123516661,336
RO,gdp,inflation,-0.47609908905618864,2.0636680773220956e-20,336
SE,gdp,inflation,0.3341030737923447,3.32442944654974e-10,336
SI,gdp,inflation,-0.32381649538413,1.2163405319890884e-09,336
SK,gdp,inflation,-0.2573812718295694,1.7435376712013352e-06,336
UK,gdp,inflation,-0.07238159085401671,0.2306801621103665,276
TR,gdp,inflation,-0.10120055819173662,0.06887438230596278,324
HR,gdp,inflation,0.27725689505780926,6.505966688521484e-07,312
EA20,gdp,inflation,0.3264555758330962,1.3303256578551942e-08,289
EU27_2020,gdp,inflation,0.3051803693855842,1.2074124128059352e-07,289
CH,gdp,inflation,0.20276689849376212,0.002044260684800116,229
MK,gdp,inflation,0.3918392899421595,8.01477670455458e-10,229
RS,gdp,inflation,0.14803814629134862,0.029244902642105573,217
ME,gdp,inflation,0.5798697820166432,3.9141587765073525e-11,109
AL,gdp,inflation,0.3771384971440018,0.000140182978004956,97
XK,gdp,inflation,0.39969739662298215,4.993260633411832e-05,97
AT,gdp,government_debt,0.692425424820239,2.2386149307265328e-05,30
BE,gdp,government_debt,-0.3914895228104242,0.03240422236779401,30
CY,gdp,government_debt,0.44597706104913337,0.013506249106970462,30
CZ,gdp,government_debt,0.8149373854595283,4.195946522504242e-08,30
DE,gdp,government_debt,0.20195106067931745,0.2845267165513148,30
EA19,gdp,government_debt,0.7175036461149135,8.102921181943757e-06,30
EA20,gdp,government_debt,0.7165752541922138,8.429489554523839e-06,30
EE,gdp,government_debt,0.8390474330223748,6.964165244205987e-09,30
EL,gdp,government_debt,0.2819917139375235,0.131111693419258,30
ES,gdp,government_debt,0.5758526809844655,0.0008690140410486661,30
FI,gdp,government_debt,0.7288322311977535,4.9400183383381546e-06,30
FR,gdp,government_debt,0.9290653899400506,1.291345078680528e-13,30
HR,gdp,government_debt,0.6649294892424008,6.115171834109998e-05,30
HU,gdp,government_debt,0.3983036334684452,0.029256681680610623,30
IE,gdp,government_debt,-0.10117091400717731,0.5947550843344576,30
IT,gdp,government_debt,0.5733779706963599,0.0009255917417451181,30
LT,gdp,government_debt,0.740242188948944,2.926484432864538e-06,30
LU,gdp,government_debt,0.9178175682510034,9.446377670321971e-13,30
LV,gdp,government_debt,0.7874419091537985,2.4306119650165977e-07,30
MT,gdp,government_debt,-0.4115735455132567,0.023840088978879653,30
NL,gdp,government_debt,-0.48934207831198034,0.0060623226175525,30
PL,gdp,government_debt,0.6351669803167824,0.00016270946794495753,30
PT,gdp,government_debt,0.6169599308816975,0.00028203743474787703,30
RO,gdp,government_debt,0.8459436513927429,3.945749312505387e-09,30
SE,gdp,government_debt,-0.8440776520605296,4.613786682011778e-09,30
SI,gdp,government_debt,0.7606677762086278,1.0685245438758264e-06,30
SK,gdp,government_debt,0.661820198426036,6.807362532821797e-05,30
BG,gdp,government_debt,-0.5815875466212714,0.0011700856487931966,28
DK,gdp,government_debt,-0.5773467483496874,0.0025118998743400077,25
EU27_2020,gdp,government_debt,0.6490593428302123,0.00044778629672933136,25
FR,population,unemployment,-0.20447765819642097,0.3613485115348877,22
SE,population,unemployment,0.16756062021047435,0.4801132461320688,20
AT,population,unemployment,-0.11155376024313844,0.6808474593251275,16
BE,population,unemployment,-0.7807072414140803,0.00035799863762856914,16
BG,population,unemployment,0.85613692722399,2.3177166784561634e-05,16
CY,population,unemployment,-0.27537915985754796,0.30193235709302524,16
CZ,population,unemployment,-0.6285659799611569,0.009108967181465305,16
DE,population,unemployment,-0.6159169653098068,0.011075006132120976,16
DK,population,unemployment,-0.7942217158767223,0.00023841679876745396,16
EE,population,unemployment,0.10859426419683481,0.6889143542444609,16
EL,population,unemployment,0.4118819483096953,0.11292112853811531,16
ES,population,unemployment,-0.6807479095033522,0.003698951865646105,16
EU27_2020,population,unemployment,-0.8920308744245757,3.432433304994856e-06,16
FI,population,unemployment,-0.3654458499244958,0.16394849881033075,16
HR,population,unemployment,0.8012442218172399,0.00019075889779157095,16
HU,population,unemployment,0.9215816026642165,3.966671902501662e-07,16
IE,population,unemployment,-0.8825931214754991,6.01301720451648e-06,16
IS,population,unemployment,-0.4902236290655503,0.05388556655676656,16
IT,population,unemployment,0.8901281118489413,3.858718165539831e-06,16
LT,population,unemployment,0.9196667108797436,4.672126573660036e-07,16
LU,population,unemployment,0.2946079728447264,0.2680117880809131,16
LV,population,unemployment,0.9584306653796066,5.151790853511081e-09,16
MK,population,unemployment,-0.9329235532136043,9.548159175573627e-06,12
MT,population,unemployment,-0.8978957191855433,2.3593492987467107e-06,16
NL,population,unemployment,-0.7413592079438037,0.0010139885091993523,16
NO,population,unemployment,0.22757349061051693,0.396628369853813,16
PL,population,unemployment,0.6639495781606497,0.005034819996847619,16
PT,population,unemployment,0.3468689679678155,0.18809231193904144,16
RO,population,unemployment,0.8920633917170606,3.425509153132577e-06,16
SI,population,unemployment,-0.7196305906292781,0.0016731639316001708,16
SK,population,unemployment,-0.802567613467279,0.00018273133749964352,16
TR,population,unemployment,0.1745688828750267,0.5178729080160753,16
CH,population,unemployment,-0.32145004100862035,0.242685789331606,15
RS,population,unemployment,0.8898415532963239,8.909423321709737e-06,15
ME,population,unemployment,-0.8554915918569628,0.0015965419867989396,10
EA20,population,unemployment,-0.9479164392046223,9.117194232651399e-06,11
FR,inflation,unemployment,-0.6345622879182399,3.7293856603769395e-31,264
SE,inflation,unemployment,-0.11514308418645147,0.07501015555929,240
AT,inflation,unemployment,-0.5033140953051378,1.0028132561029288e-13,192
BE,inflation,unemployment,-0.4171689318162129,1.7504213833292502e-09,192
BG,inflation,unemployment,-0.47235804985786795,4.609791858446746e-12,192
CY,inflation,unemployment,-0.4584356459014854,2.2836870726911464e-11,192
CZ,inflation,unemployment,-0.4351000795693572,2.852998423620324e-10,192
DE,inflation,unemployment,-0.38921176170531896,2.412999234705519e-08,192
DK,inflation,unemployment,-0.24807141850739745,0.0005217735460443184,192
EA20,inflation,unemployment,-0.4916681877240716,4.429397332390211e-13,192
EE,inflation,unemployment,-0.17665175796467908,0.014242743972608586,192
EL,inflation,unemployment,-0.6024012964797415,2.3920161185617694e-20,192
ES,inflation,unemployment,-0.3696426383584374,1.3163343332875043e-07,192
EU27_2020,inflation,unemployment,-0.48686590550625075,8.041469686246438e-13,192
FI,inflation,unemployment,-0.5665061264385011,1.086564972931796e-17,192
HR,inflation,unemployment,-0.414209192079045,2.337747875916001e-09,192
HU,inflation,unemployment,-0.2115765997705771,0.003219415711483263,192
IE,inflation,unemployment,-0.42346082765015464,9.374273456946268e-10,192
IS,inflation,unemployment,0.5587321642215858,3.714895160986799e-17,192
IT,inflation,unemployment,-0.39234573922951993,1.819755252707084e-08,192
LT,inflation,unemployment,-0.25309239870387185,0.00039726602957418014,192
LU,inflation,unemployment,-0.6161199861828865,1.8718421315634068e-21,192
LV,inflation,unemployment,-0.28080409183715965,7.973285353681936e-05,192
MK,inflation,unemployment,0.04871944881792752,0.5619938081224973,144
MT,inflation,unemployment,-0.26173080236790763,0.00024531759660026593,192
NL,inflation,unemployment,-0.5146060940889854,2.248428865810947e-14,192
NO,inflation,unemployment,-0.15993520943199888,0.02669561754924596,192
PL,inflation,unemployment,-0.42362772934104875,9.218647312804008e-10,192
PT,inflation,unemployment,-0.2734030228806144,0.00012454149591885892,192
RO,inflation,unemployment,-0.24844999169069204,0.0005112558420693867,192
SI,inflation,unemployment,-0.44215200537155147,1.3571158668160084e-10,192
SK,inflation,unemployment,-0.4335010366371326,3.3685765957247075e-10,192
TR,inflation,unemployment,-0.1927023437657966,0.007409158760286468,192
CH,inflation,unemployment,-0.6060739827511908,1.9704776934143194e-19,180
RS,inflation,unemployment,0.11556567781303091,0.12238129294255012,180
ME,inflation,unemployment,-0.6152510044590868,1.3195501223065918e-07,61
AT,inflation,population,0.4684275937983756,9.952118039921209e-20,336
BE,inflation,population,0.26168401121194534,1.151022844076591e-06,336
CY,inflation,population,-0.1637439153605956,0.002607014125888128,336
CZ,inflation,population,0.1375718891732156,0.01159123239387432,336
DE,inflation,population,0.2976466378015708,2.6641084559392857e-08,336
DK,inflation,population,0.053616004879976344,0.32716508708798564,336
EA19,inflation,population,0.165350968930356,0.0023611135417875365,336
EE,inflation,population,0.21665193221668685,6.223964422830891e-05,336
EL,inflation,population,-0.20987228379021414,0.00010621438917199488,336
ES,inflation,population,-0.11254372299259852,0.039224173029159023,336
FI,inflation,population,0.11367565372583359,0.03727863095199819,336
FR,inflation,population,0.25012666922583776,3.453827014683276e-06,336
HU,inflation,population,0.2570872882107732,1.793233824655301e-06,336
IE,inflation,population,-0.15801681790960026,0.00368465986472,336
IS,inflation,population,0.04877287383132364,0.37281095822360516,336
IT,inflation,population,-0.2008698261478546,0.00021045298127704603,336
LT,inflation,population,-0.08845523842149086,0.10554563560380628,336
LU,inflation,population,0.07663320463821463,0.16105362540041468,336
LV,inflation,population,0.06791095601188457,0.2143756080082381,336
MT,inflation,population,0.04381287428275034,0.4234241464008442,336
NL,inflation,population,0.23031551453752605,2.0127265462735624e-05,336
NO,inflation,population,0.37879158023775733,6.61979185741722e-13,336
PL,inflation,population,-0.08501081929540803,0.1198785531522205,336
PT,inflation,population,0.06012157221153295,0.27179682947903194,336
RO,inflation,population,0.6321863127120424,6.751160002310476e-39,336
SE,inflation,population,0.367830679453034,3.332517377153054e-12,336
SI,inflation,population,-0.42094523326371114,7.316497284898149e-16,336
SK,inflation,population,-0.1678763386854746,0.002017131805327009,336
TR,inflation,population,-0.20374901956273345,0.00016965333185876543,336
UK,inflation,population,0.09875262347168925,0.09496722440126101,287
BG,inflation,population,0.16852438238092812,0.0023018503797974225,325
HR,inflation,population,-0.1658187782109749,0.003308170287821054,312
EU27_2020,inflation,population,0.03800334614884207,0.5199065599385982,289
EU28,inflation,population,-0.5145636831576091,4.555268891670916e-16,217
CH,inflation,population,0.14686956350981173,0.02625337937446241,229
MK,inflation,population,-0.7745411768889029,1.1921425221167871e-44,217
RS,inflation,population,0.07378952291882265,0.279170134797727,217
EA20,inflation,population,0.5205747212396725,1.572423897740748e-10,132
ME,inflation,population,-0.745994153570497,1.3146355966353004e-20,109
AL,inflation,population,-0.736825600844702,9.11002337881578e-16,85
XK,inflation,population,-0.4941553049016024,8.866626001952553e-06,73
FR,government_debt,unemployment,-0.13202915543983704,0.5580790787088683,22
SE,government_debt,unemployment,-0.051614792588321294,0.8289028788382374,20
AT,government_debt,unemployment,0.549699261872182,0.027395674128092084,16
BE,government_debt,unemployment,0.0658972924907423,0.8084159516117425,16
BG,government_debt,unemployment,-0.378386073310845,0.14841410611202244,16
CY,government_debt,unemployment,0.7235123733999623,0.0015350661906968989,16
CZ,government_debt,unemployment,0.26051788487752237,0.3298037839649587,16
DE,government_debt,unemployment,0.805696233333952,0.00016486218673215117,16
DK,government_debt,unemployment,0.7583648812640843,0.0006619046156533483,16
EA20,government_debt,unemployment,0.19540602077008257,0.4682938018607632,16
EE,government_debt,unemployment,-0.391157347148383,0.13409199172558461,16
EL,government_debt,unemployment,0.4692946099537829,0.0666682778651971,16
ES,government_debt,unemployment,-0.2817916185366418,0.2903508134882293,16
EU27_2020,government_debt,unemployment,0.27837994342476147,0.2964791356027114,16
FI,government_debt,unemployment,-0.2286014710754817,0.39444048500742424,16
HR,government_debt,unemployment,0.3635198434571905,0.16635001631214133,16
HU,government_debt,unemployment,0.737976747511179,0.0010995961734634736,16
IE,government_debt,unemployment,0.8959937054408877,2.6707933757698286e-06,16
IT,government_debt,unemployment,0.13592582497675898,0.615710094610461,16
LT,government_debt,unemployment,-0.21859318815489448,0.41601581012714295,16
LU,government_debt,unemployment,0.29341803004947503,0.27004037443407375,16
LV,government_debt,unemployment,0.21669737842264383,0.4201710556303372,16
MT,government_debt,unemployment,0.8874279969038592,4.539709981865306e-06,16
NL,government_debt,unemployment,0.9572375441458872,6.260392383766642e-09,16
PL,government_debt,unemployment,0.39665559367994946,0.12822891233124423,16
PT,government_debt,unemployment,0.3361517369792303,0.20302730030313715,16
RO,government_debt,unemployment,-0.5855829004005857,0.01715701237110896,16
SI,government_debt,unemployment,-0.008144631048431007,0.9761180835211769,16
SK,government_debt,unemployment,-0.5386292272949617,0.03134512616889894,16
AT,government_debt,population,0.6846794508594181,3.003363035199943e-05,30
BE,government_debt,population,-0.32872257541758976,0.07612173605405889,30
CY,government_debt,population,0.7020162417776566,1.5362553984534972e-05,30
CZ,government_debt,population,0.6675511160756511,5.581162848097391e-05,30
DE,government_debt,population,-0.5621687257789709,0.001224170783411714,30
EA19,government_debt,population,0.7900511430669993,2.0806133911935415e-07,30
EE,government_debt,population,-0.2698714909849555,0.14922996835544358,30
EL,government_debt,population,-0.11117632413701538,0.558627691978993,30
ES,government_debt,population,0.6550294564817657,8.567681759638843e-05,30
FI,government_debt,population,0.8149623700486968,4.188713552178214e-08,30
FR,government_debt,population,0.9561611409886398,1.812588098616279e-16,30
HR,government_debt,population,-0.7641824160714069,8.895391685849264e-07,30
HU,government_debt,population,-0.4648776015409019,0.009644024114203892,30
IE,government_debt,population,0.1904875714481701,0.31331962125019497,30
IT,government_debt,population,0.6558704211144625,8.329658745752805e-05,30
LT,government_debt,population,-0.8878974070894933,6.034334038244769e-11,30
LU,government_debt,population,0.9252119033726989,2.64358430776438e-13,30
LV,government_debt,population,-0.8835161107496335,1.0036413778774524e-10,30
MT,government_debt,population,-0.40922311526653,0.02473444013765329,30
NL,government_debt,population,-0.4384213489938937,0.015375363900271014,30
PL,government_debt,population,-0.5124595410850917,0.0037875172470076585,30
PT,government_debt,population,0.38965088495866634,0.033298887559771326,30
RO,government_debt,population,-0.8423919900230262,5.304781559405927e-09,30
SE,government_debt,population,-0.7379987442428297,3.250606805257515e-06,30
SI,government_debt,population,0.8892852171566825,5.113678024984982e-11,30
SK,government_debt,population,0.8108606079166607,5.5413722370909964e-08,30
BG,government_debt,population,0.7057767292259213,2.722086534721678e-05,28
DK,government_debt,population,-0.466166489012245,0.018834590339063588,25
EU27_2020,government_debt,population,0.7935489692302916,2.213943692704177e-06,25
EA20,government_debt,population,-0.18136156223922645,0.5935605978238211,11
AT,government_debt,inflation,0.15880274573434133,0.0035161054974854585,336
BE,government_debt,inflation,-0.16600179220699657,0.0022676905230100256,336
BG,government_debt,inflation,0.25031431591280145,4.920532494898235e-06,325
CY,government_debt,inflation,-0.5150170070238637,3.7192988363092914e-24,336
CZ,government_debt,inflation,-0.07407034243992956,0.1755662721527557,336
DE,government_debt,inflation,-0.07574791304875647,0.16596112479051983,336
EA19,government_debt,inflation,-0.035482695732638764,0.5168627965599196,336
EE,government_debt,inflation,0.12255349770282224,0.024669065496484958,336
EL,government_debt,inflation,-0.4926835103821911,5.990066030403619e-22,336
ES,government_debt,inflation,-0.22575324806518332,2.9570695295137363e-05,336
FI,government_debt,inflation,0.04932930088330435,0.3673755654047784,336
FR,government_debt,inflation,0.19434930796740077,0.0003391081247285409,336
HU,government_debt,inflation,-0.33024258434295,5.440026987188875e-10,336
IE,government_debt,inflation,-0.49756887160518287,2.0343377884864109e-22,336
IT,government_debt,inflation,-0.11697018411779833,0.032075240271204244,336
LT,government_debt,inflation,-0.12934128190508584,0.017692029841178788,336
LU,government_debt,inflation,-0.0015670600125276973,0.9771695304214851,336
LV,government_debt,inflation,-0.24148701399813305,7.589123729482713e-06,336
MT,government_debt,inflation,-0.03930257325509749,0.47274447559409744,336
NL,government_debt,inflation,-0.3225293833967422,1.4258380723210839e-09,336
PL,government_debt,inflation,-0.4248753497300063,3.687961765773942e-16,336
PT,government_debt,inflation,-0.32964043567841655,5.870752391943543e-10,336
RO,government_debt,inflation,-0.38472104051694267,2.6914458507651396e-13,336
SE,government_debt,inflation,-0.35805117125958,1.339594578224581e-11,336
SI,government_debt,inflation,-0.5398442578126931,8.281704332210763e-27,336
SK,government_debt,inflation,0.04842199899644677,0.3762637975267089,336
HR,government_debt,inflation,-0.3106868847076176,2.0811865585666857e-08,312
DK,government_debt,inflation,-0.19643913854332493,0.0006224947318045803,300
EA20,government_debt,inflation,-0.08421170255967153,0.1533113970475806,289
EU27_2020,government_debt,inflation,-0.1402883166644418,0.017015229393590486,289
DE,education,health_expenditure,0.9319708008556754,2.6096963388499255e-14,31
NL,education,health_expenditure,0.8724325363097608,1.3152306675389472e-08,25
FI,education,health_expenditure,0.8299889422902583,9.64121987640253e-07,23
PT,education,health_expenditure,0.6468969273031303,0.0006349773178499971,24
SE,education,health_expenditure,0.875154827702124,4.642623758312616e-08,23
BE,education,health_expenditure,0.8685445764318989,6.842125747925282e-07,20
EE,education,health_expenditure,0.8980039957362245,3.342664248515151e-08,21
ES,education,health_expenditure,0.8578395406664101,1.3287695066222272e-06,20
NO,education,health_expenditure,0.6013648227479821,0.005035979821224764,20
AT,education,health_expenditure,0.7772730241951328,5.5225259494023465e-05,20
FR,education,health_expenditure,0.8179258015315669,6.0355420373011825e-05,17
HU,education,health_expenditure,-0.5944206478343375,0.009279250313900332,18
LT,education,health_expenditure,0.6911304001530761,0.0014915963882659571,18
EL,education,health_expenditure,-0.36020412435676147,0.20583579588808978,14
CH,education,health_expenditure,0.9728637855648969,2.449159977422766e-08,13
CY,education,health_expenditure,0.8204100361154081,0.0005912025740760004,13
CZ,education,health_expenditure,0.5982198196434229,0.023830180229243568,14
DK,education,health_expenditure,-0.49132003346089653,0.07439382282929556,14
BG,education,health_expenditure,0.5603142045657533,0.05811184437772317,12
IE,education,health_expenditure,-0.8553462090725318,0.00019310845823022568,13
IS,education,health_expenditure,0.6299491113432463,0.021021749212316917,13
LU,education,health_expenditure,0.38627028724502294,0.19233690186890165,13
RO,education,health_expenditure,0.8488534493481771,0.00047927043616152087,12
IT,education,health_expenditure,0.13750593279230677,0.6699936942198004,12
SK,education,health_expenditure,0.26604150291027634,0.4290993973767412,11
HR,education,health_expenditure,0.6959721192765403,0.025394620530660043,10
LV,education,health_expenditure,0.9147776219361151,0.00020800407079014224,10
PL,education,health_expenditure,0.5720398852841111,0.06594195700351418,11
UK,education,health_expenditure,0.26569639159031916,0.5646909580908127,7
EA20,education,health_expenditure,0.777103143662629,0.01373529343728036,9
EU27_2020,education,health_expenditure,0.718545473257717,0.02919090086167796,9
MT,education,health_expenditure,0.6710355332988378,0.04784651299836947,9
SI,education,health_expenditure,0.791748199471037,0.006345483678783967,10
DE,education,research_development,0.11653511205061005,0.19377273930767097,126
DK,education,research_development,0.15436020266571843,0.055146126270772,155
UK,education,research_development,-0.006372236347084519,0.9415268446978521,135
FR,education,research_development,0.005888366299207037,0.9420314907813252,155
AT,education,research_development,0.09625933778277161,0.31939338513081555,109
BE,education,research_development,0.21736494737876955,0.00863328106445754,145
EL,education,research_development,0.39139251830811445,4.917788452188193e-06,128
ES,education,research_development,0.1858782541851968,0.02519218228925755,145
FI,education,research_development,0.015535096640253925,0.8533799703628159,144
IE,education,research_development,0.08548129852487704,0.3615778284601432,116
IT,education,research_development,0.08388062654826044,0.3280068548140579,138
PT,education,research_development,0.29775641882797155,0.00027552480778112966,145
SE,education,research_development,0.0019826360140848547,0.9824927280082083,125
CH,education,research_development,0.1527094819612796,0.25677136892450053,57
NL,education,research_development,0.05394557618675968,0.5453265183122079,128
SI,education,research_development,0.1770398161104434,0.036390068840167066,140
HU,education,research_development,0.30410500695853004,0.001375635412653134,108
NO,education,research_development,0.07478722292324944,0.4550321185741179,102
PL,education,research_development,0.3246774167176653,0.00012206136748092188,135
RO,education,research_development,-0.008702812317935836,0.9220238507932143,129
CZ,education,research_development,0.23505852601639396,0.007102021549032551,130
EE,education,research_development,0.29727444148271537,0.0005932060496302481,130
LT,education,research_development,0.11280692237680405,0.24732334760837515,107
LV,education,research_development,0.3627885977579457,7.846868452343035e-05,113
SK,education,research_development,0.21763523778634292,0.012869955471889646,130
CY,education,research_development,0.35295392208015064,5.4087093756045996e-05,125
IS,education,research_development,0.026662336863120074,0.7861610780690381,106
BG,education,research_development,0.23540456373102023,0.009647443426808707,120
LU,education,research_development,-0.16026337845355648,0.11493870706601167,98
EA20,education,research_development,0.09362928744774615,0.3305961723046617,110
EU27_2020,education,research_development,0.08665763750313195,0.36802159826610165,110
HR,education,research_development,0.20605645293794816,0.04179232655567792,98
MT,education,research_development,0.2190698920073431,0.03199749565739138,96
TR,education,research_development,0.3602832872428618,0.001879020593715005,72
RS,education,research_development,0.11856266143963226,0.32829254199412805,70
ME,education,research_development,0.03740093193105851,0.8187729213184572,40
MK,education,research_development,-0.05007322661347294,0.79272536662872,30
AT,education,household_income,0.9409514500347383,8.755751491131893e-13,26
BE,education,household_income,0.9754699852814588,2.784425823361455e-19,29
DE,education,household_income,0.9641254567436557,2.4968226770384794e-15,26
EL,education,household_income,0.4453384296364091,0.015480030988359069,29
ES,education,household_income,0.9555274048061403,2.6314934904895863e-15,28
FR,education,household_income,0.9695571557816502,2.064526637580448e-17,28
IE,education,household_income,0.9334612214983917,4.367703213349345e-13,28
IT,education,household_income,0.9596267055275044,7.661801588099387e-16,28
LU,education,household_income,0.9368454541051211,2.2592678786899315e-13,28
PT,education,household_income,0.9373223700557013,2.0528520028092125e-13,28
UK,education,household_income,0.8518808446885052,1.8794400537503226e-06,20
FI,education,household_income,0.9135129744524849,2.9481898987937576e-11,27
NL,education,household_income,0.9890915912958699,1.7729634289094354e-21,26
DK,education,household_income,0.8965269552367374,1.6466194720614142e-08,22
NO,education,household_income,0.803133068434561,6.8062666405798555e-06,22
EE,education,household_income,0.9340724949376856,6.11108858101253e-10,21
IS,education,household_income,0.6629653762805877,0.003723690478025314,17
SE,education,household_income,0.8986539425160324,3.153926656557221e-08,21
CY,education,household_income,0.6205642552674755,0.0035060016894710344,20
CZ,education,household_income,0.8645055493729995,8.846935647851639e-07,20
EU27_2020,education,household_income,0.9660597519046008,5.018063631307958e-12,20
HU,education,household_income,0.9257680922645528,4.954130592076075e-09,20
LT,education,household_income,0.9412822368647569,6.360982310546197e-10,20
LV,education,household_income,0.914519649252091,1.6914421735080054e-08,20
MT,education,household_income,0.9878050029710462,5.420821784408119e-16,20
PL,education,household_income,0.9487217638246306,1.9315269036784206e-10,20
SI,education,household_income,0.8219347460389655,8.780671929631033e-06,20
SK,education,household_income,0.9525204412958124,9.797766583172844e-11,20
BG,education,household_income,0.8989591717709997,1.6862236745950332e-07,19
TR,education,household_income,0.3541029126306409,0.13690892981449207,19
CH,education,household_income,0.8990782956742975,9.245659052163238e-07,17
RO,education,household_income,0.723373070675989,0.0006918360877885231,18
HR,education,household_income,0.8657618322317537,3.03206675294828e-05,15
MK,education,household_income,0.9332310690808056,0.00023714460331993435,9
ME,education,household_income,0.7150759158071617,0.04617360858067594,8
RS,education,household_income,0.9053131206455743,0.00012611729355166255,11
EA20,education,household_income,0.9766683188382216,2.5621211788470124e-07,11
BE,education,life_expectancy,0.9676224026910704,1.7215981510652873e-19,32
DE,education,life_expectancy,0.8294249133500435,8.098541855152892e-09,31
DK,education,life_expectancy,0.9336741000757405,6.435560436052598e-15,32
EL,education,life_expectancy,0.9276758736367058,2.2643809447651724e-14,32
ES,education,life_expectancy,0.9682285847223038,1.301857867835958e-19,32
IE,education,life_expectancy,0.9823727085711489,1.1300396084038563e-22,31
IT,education,life_expectancy,0.9531730363320609,3.960806483798785e-17,32
LU,education,life_expectancy,0.9398776890909929,4.5797315395104665e-15,31
PT,education,life_expectancy,0.89923069037225,2.699735680573933e-12,32
UK,education,life_expectancy,0.9647019676777554,7.993198039397004e-15,25
AT,education,life_expectancy,0.857065720376588,4.496171174572914e-08,25
FI,education,life_expectancy,0.9576070589567931,4.0407529011547544e-16,29
SE,education,life_expectancy,0.9145639900157193,4.010844059509898e-12,29
CH,education,life_expectancy,0.9602406282909048,6.299876979138461e-16,28
NL,education,life_expectancy,0.8924119642691585,1.7781306024271908e-10,28
NO,education,life_expectancy,0.9210924631815705,3.731740024586388e-12,28
SI,education,life_expectancy,0.92649675911307,1.530670785181521e-12,28
HU,education,life_expectancy,0.8914103542563806,4.4839216930417323e-10,27
PL,education,life_expectancy,0.8764339940039566,2.0728910478466857e-09,27
RO,education,life_expectancy,0.8433694707386027,3.329683655059434e-08,27
CZ,education,life_expectancy,0.9036367333261053,2.567935508984719e-10,26
EE,education,life_expectancy,0.9583635824045648,1.4478054193872253e-14,26
FR,education,life_expectancy,0.8844282751137315,2.0534400374283795e-09,26
LT,education,life_expectancy,0.7509200184136899,9.881999325100019e-06,26
SK,education,life_expectancy,0.8763144879125966,4.438389567188532e-09,26
CY,education,life_expectancy,0.9019370791562196,7.41889582337544e-10,25
IS,education,life_expectancy,0.8804085906539252,6.519441115142763e-09,25
BG,education,life_expectancy,0.6334198391009954,0.0008914640389613633,24
MT,education,life_expectancy,0.9256584189862068,9.338757939019781e-11,24
EU27_2020,education,life_expectancy,0.8841189269362592,4.845427272278832e-08,22
HR,education,life_expectancy,0.8524573547137293,4.7296212994584327e-07,22
LV,education,life_expectancy,0.9003535681348452,1.1482631516706154e-08,22
MK,education,life_expectancy,0.6698098044072126,0.006298738854357279,15
TR,education,life_expectancy,0.26074095739057224,0.38955964832034595,13
RS,education,life_expectancy,0.15686108574067784,0.5922804922525107,14
ME,education,life_expectancy,0.27670090590518054,0.4389692284418122,10
DE,health_expenditure,research_development,0.12507610912223327,0.15622344481369338,130
NL,health_expenditure,research_development,0.04925321501460442,0.6044149617533886,113
FI,health_expenditure,research_development,-0.024555274325457687,0.7944869053777771,115
PT,health_expenditure,research_development,0.22208831872080292,0.014772113752949912,120
SE,health_expenditure,research_development,-0.014326235280740406,0.8819118854972989,110
BE,health_expenditure,research_development,0.18604025790668322,0.06384987174104098,100
EE,health_expenditure,research_development,0.17177183035172788,0.07975395439424371,105
ES,health_expenditure,research_development,0.08031340178994902,0.42700862834084125,100
NO,health_expenditure,research_development,0.21406635226977883,0.05498931746839953,81
AT,health_expenditure,research_development,0.09531842581065403,0.34550165449736087,100
FR,health_expenditure,research_development,0.0289515329841316,0.7925328849042412,85
HU,health_expenditure,research_development,-0.08454572793739268,0.4801231061786571,72
LT,health_expenditure,research_development,0.07978670636497656,0.502218691885153,73
EL,health_expenditure,research_development,-0.06292394679634163,0.6048116798544623,70
CH,health_expenditure,research_development,0.12330130701350324,0.5087215051668963,31
CY,health_expenditure,research_development,0.22220380503677833,0.07523689467579601,65
CZ,health_expenditure,research_development,0.043281191551383685,0.7220180173728251,70
DK,health_expenditure,research_development,-0.004753366347747617,0.9688476178048826,70
BG,health_expenditure,research_development,0.047405815712603244,0.7190851826086396,60
IE,health_expenditure,research_development,0.1250709890039981,0.3722162891544514,53
IS,health_expenditure,research_development,0.21855654280139353,0.11234565478746125,54
LU,health_expenditure,research_development,-0.12357374125855877,0.3597672515034038,57
RO,health_expenditure,research_development,0.004684535967127673,0.9716626114709527,60
IT,health_expenditure,research_development,0.03148873770591621,0.811230430384214,60
SK,health_expenditure,research_development,-0.01085159216126217,0.9373258460248546,55
BA,health_expenditure,research_development,0.030565820064071846,0.8846806290031548,25
HR,health_expenditure,research_development,0.14828850158361576,0.34864917417384267,42
LV,health_expenditure,research_development,0.14273807947071815,0.3795966340449496,40
PL,health_expenditure,research_development,0.08248808266393028,0.5493605503712728,55
UK,health_expenditure,research_development,0.012712181245665798,0.9422216682030249,35
EA19,health_expenditure,research_development,0.027503402449109853,0.8576703962526422,45
EA20,health_expenditure,research_development,0.028263301760791178,0.8537801190602033,45
EU27_2020,health_expenditure,research_development,0.025734153454414082,0.8667407804007136,45
MT,health_expenditure,research_development,0.020322686261254712,0.9063491243900801,36
SI,health_expenditure,research_development,0.01805460140063481,0.9009618693562018,50
DE,health_expenditure,household_income,0.9522139635225526,7.325126188170746e-14,26
NL,health_expenditure,household_income,0.8613443872995646,2.641352426249239e-07,22
FI,health_expenditure,household_income,0.9265131704196008,1.6633035838580854e-09,21
PT,health_expenditure,household_income,0.7723161584703938,2.537503752445642e-05,22
BE,health_expenditure,household_income,0.9026956370932547,5.1931893340103713e-08,20
NO,health_expenditure,household_income,0.5329046534341706,0.01555033151256494,20
AT,health_expenditure,household_income,0.838995342787348,3.789208388221173e-06,20
EE,health_expenditure,household_income,0.8760456630126985,4.1488168766725476e-07,20
ES,health_expenditure,household_income,0.8934962774788003,2.588069855546014e-07,19
SE,health_expenditure,household_income,0.9459059674633137,3.092758428947743e-10,20
FR,health_expenditure,household_income,0.8381866677711207,2.6519905882768847e-05,17
HU,health_expenditure,household_income,-0.545083078408719,0.01931556779000074,18
LT,health_expenditure,household_income,0.7883320350648113,0.0001017394509453628,18
EL,health_expenditure,household_income,0.8016701047444685,0.0005645778822012045,14
CH,health_expenditure,household_income,0.8631644727186645,0.00014451565893283775,13
CY,health_expenditure,household_income,0.49528716835764264,0.0852523578512196,13
CZ,health_expenditure,household_income,0.750227342235805,0.001996347654332646,14
DK,health_expenditure,household_income,-0.6006283535643973,0.023126307616959246,14
BG,health_expenditure,household_income,0.6455753798448728,0.0233651710542509,12
IE,health_expenditure,household_income,-0.8337118236907429,0.000397833876243581,13
IS,health_expenditure,household_income,0.5408186655576601,0.1064857887719865,10
LU,health_expenditure,household_income,0.4819861750961883,0.09533422985246878,13
RO,health_expenditure,household_income,0.8502684114374319,0.0004583977816169854,12
IT,health_expenditure,household_income,0.08909315190047525,0.7830512575587297,12
SK,health_expenditure,household_income,0.4043626966144903,0.2173908206618375,11
HR,health_expenditure,household_income,0.8003642190580279,0.005418917978054289,10
LV,health_expenditure,household_income,0.882705935629486,0.0007171425807482712,10
PL,health_expenditure,household_income,0.5498277240243153,0.07972774740319441,11
UK,health_expenditure,household_income,-0.6959161982445499,0.1246415855978631,6
EA19,health_expenditure,household_income,0.798816062944626,0.01740921245347949,8
EA20,health_expenditure,household_income,0.7761564721219327,0.013926624531422691,9
EU27_2020,health_expenditure,household_income,0.722801860811589,0.027802212191702882,9
EU28,health_expenditure,household_income,-0.3950746914374508,0.43822038424677,6
MT,health_expenditure,household_income,0.6223085173947811,0.07350253767433525,9
SI,health_expenditure,household_income,0.8379850482734532,0.0024669792807932613,10
DE,health_expenditure,life_expectancy,0.845837469531865,1.0959947171192627e-09,32
NL,health_expenditure,life_expectancy,0.9088600389616512,3.309960079302443e-10,25
FI,health_expenditure,life_expectancy,0.906870503128426,2.471221799272804e-09,23
PT,health_expenditure,life_expectancy,0.6012346261356658,0.0018873299295334132,24
SE,health_expenditure,life_expectancy,0.8737886482860252,5.172203147218527e-08,23
BE,health_expenditure,life_expectancy,0.8808647573883012,2.9571001567690775e-07,20
EE,health_expenditure,life_expectancy,0.8627180662478706,4.87356199275637e-07,21
ES,health_expenditure,life_expectancy,0.7243255023875184,0.0003044398164945464,20
NO,health_expenditure,life_expectancy,0.7035933476158814,0.0005372742095546121,20
AT,health_expenditure,life_expectancy,0.587894862509213,0.0064085920630445724,20
FR,health_expenditure,life_expectancy,0.6141859883903844,0.008716002046479336,17
HU,health_expenditure,life_expectancy,-0.7635740511899792,0.00022647244592728717,18
LT,health_expenditure,life_expectancy,0.5284763067346546,0.024153687187817574,18
EL,health_expenditure,life_expectancy,-0.6958480843328224,0.005712709811436134,14
CH,health_expenditure,life_expectancy,0.7440235314627268,0.0035431299311472447,13
CY,health_expenditure,life_expectancy,-0.143476006964976,0.6400579384583164,13
CZ,health_expenditure,life_expectancy,-0.24109838964990804,0.4063378389990002,14
DK,health_expenditure,life_expectancy,-0.41173864405983673,0.14352956423489927,14
BG,health_expenditure,life_expectancy,-0.862011159686652,0.0003110882669471458,12
IE,health_expenditure,life_expectancy,-0.9110727986676252,1.4856729854848316e-05,13
IS,health_expenditure,life_expectancy,0.38978883850686125,0.18796947935938813,13
LU,health_expenditure,life_expectancy,-0.00651061371830034,0.9831587681493985,13
RO,health_expenditure,life_expectancy,-0.3772233499932152,0.2267371071123433,12
IT,health_expenditure,life_expectancy,-0.7256056541022351,0.007559146606290925,12
SK,health_expenditure,life_expectancy,-0.6723933521680164,0.023407546218840735,11
HR,health_expenditure,life_expectancy,-0.7185542859294662,0.019223278343048066,10
LI,health_expenditure,life_expectancy,-0.5676111490811595,0.08698923581663352,10
LV,health_expenditure,life_expectancy,-0.44831354794448547,0.19378585390232603,10
PL,health_expenditure,life_expectancy,0.32355584737487536,0.3317436569833957,11
UK,health_expenditure,life_expectancy,-0.162821561820357,0.7579259271655563,6
EA19,health_expenditure,life_expectancy,-0.6781315151734426,0.04467752159482964,9
EU27_2020,health_expenditure,life_expectancy,-0.8080543082504511,0.008408288727329058,9
EU28,health_expenditure,life_expectancy,-0.26668144167105584,0.664519442362139,5
MT,health_expenditure,life_expectancy,-0.2383756281712832,0.5367962194170904,9
SI,health_expenditure,life_expectancy,-0.1640437101197259,0.65065612187904,10
AT,household_income,research_development,0.05889865214387999,0.5373218721247652,112
BE,household_income,research_development,0.22175489982271215,0.008458851870759803,140
DE,household_income,research_development,0.11306226734919525,0.24852079186263815,106
EL,household_income,research_development,0.0417648477836614,0.6410610471331907,127
ES,household_income,research_development,0.20113542108712554,0.01932458528707639,135
FR,household_income,research_development,0.01692741930700191,0.8454995027640069,135
IE,household_income,research_development,0.07780397493046749,0.4064489618177326,116
IT,household_income,research_development,0.04918762953037444,0.5813805206970939,128
NL,household_income,research_development,0.058912977152067454,0.5227189216893348,120
PT,household_income,research_development,0.3211822175221149,0.0001457282962161308,135
UK,household_income,research_development,0.01396979945291526,0.8875214180291454,105
FI,household_income,research_development,-0.007225153256576997,0.9352317800885949,129
LU,household_income,research_development,-0.16816981512577428,0.09964885689327006,97
DK,household_income,research_development,0.059477489817142834,0.5467074292369932,105
NO,household_income,research_development,0.08186433585502587,0.4536592066882945,86
EE,household_income,research_development,0.12505687928208956,0.21507920746453482,100
SE,household_income,research_development,0.003136215840933715,0.9752951155933735,100
CY,household_income,research_development,0.1348303075305716,0.19266916664693726,95
CZ,household_income,research_development,0.1405897112608681,0.17417240250682375,95
EA19,household_income,research_development,0.08137889755327468,0.4590592773652563,85
EU27_2020,household_income,research_development,0.07615890534193528,0.46322628467556987,95
HU,household_income,research_development,0.16715332024336718,0.14895463069009554,76
IS,household_income,research_development,0.044603666747364046,0.7159189669416001,69
LT,household_income,research_development,0.10546071181855106,0.36133376707103965,77
LV,household_income,research_development,0.18282517713055615,0.10912587076606597,78
MT,household_income,research_development,0.10315754222932434,0.35943842595261744,81
PL,household_income,research_development,0.31548220234781893,0.0018446329311748138,95
SI,household_income,research_development,0.07273677580435065,0.4836189738585962,95
SK,household_income,research_development,0.24612991417178973,0.016202094963547336,95
BG,household_income,research_development,0.16327152971483416,0.12414260172415313,90
TR,household_income,research_development,0.08154307056288604,0.4959084168597258,72
RO,household_income,research_development,0.018131959651089706,0.8691747905043186,85
CH,household_income,research_development,0.08210752038836974,0.6340287619090441,36
HR,household_income,research_development,0.232335591315045,0.07157645636746036,61
ME,household_income,research_development,0.08291475224520353,0.6358334179958094,35
RS,household_income,research_development,0.08425959696734575,0.5407877560032307,55
EA20,household_income,research_development,0.03176399381779038,0.8266659152761423,50
MK,household_income,research_development,-0.06934709924862098,0.715761677713606,30
AT,household_income,life_expectancy,0.8976768565942305,9.550852003253223e-11,28
BE,household_income,life_expectancy,0.9439405549878557,4.997682153360748e-14,28
DE,household_income,life_expectancy,0.8353846532968565,1.0985513093101464e-07,26
EL,household_income,life_expectancy,0.49680046128113425,0.007159880901267259,28
ES,household_income,life_expectancy,0.937394838924149,5.920581707494947e-13,27
IE,household_income,life_expectancy,0.9455036097422279,3.491326990888192e-14,28
IT,household_income,life_expectancy,0.946220434830226,9.298017005537376e-14,27
LU,household_income,life_expectancy,0.937166949119848,2.1181345287333124e-13,28
NL,household_income,life_expectancy,0.9068731714028451,1.7337409153256732e-10,26
PT,household_income,life_expectancy,0.9444971982782784,1.366246547733737e-13,27
UK,household_income,life_expectancy,0.8595608287597922,5.971182696803198e-07,21
FI,household_income,life_expectancy,0.9785491751971066,5.61670793447646e-18,26
FR,household_income,life_expectancy,0.9526905616079551,7.352116691321384e-13,24
DK,household_income,life_expectancy,0.9692117842059739,5.064517974800355e-13,21
NO,household_income,life_expectancy,0.8300975947391106,3.230018059161278e-06,21
EE,household_income,life_expectancy,0.8313055665199892,5.597648235506822e-06,20
IS,household_income,life_expectancy,0.33477694571807165,0.18902441878303777,17
SE,household_income,life_expectancy,0.909199583126673,2.8550692801286736e-08,20
CY,household_income,life_expectancy,0.25496534366440055,0.29213200842973275,19
CZ,household_income,life_expectancy,0.7232011468444243,0.0004670414447711024,19
EA19,household_income,life_expectancy,0.825547087659323,4.4840010859385654e-05,17
EU27_2007,household_income,life_expectancy,0.9537037463880477,1.286134548472674e-07,14
EU27_2020,household_income,life_expectancy,0.761909760611267,0.00015006892141739754,19
HU,household_income,life_expectancy,0.5637456070939351,0.011942971358437872,19
LT,household_income,life_expectancy,0.8019084134610076,3.642061424782271e-05,19
LV,household_income,life_expectancy,0.7120334239827587,0.0006265826076314361,19
MT,household_income,life_expectancy,0.8843498507850641,5.048362784341451e-07,19
PL,household_income,life_expectancy,0.5569991750177504,0.013238043411208262,19
SI,household_income,life_expectancy,0.800193794917412,3.894412645034067e-05,19
SK,household_income,life_expectancy,0.7767118476232785,9.186738709615907e-05,19
BG,household_income,life_expectancy,0.24532654205936932,0.3264871820472066,18
CH,household_income,life_expectancy,0.9032237289013776,6.834364443702796e-07,17
RO,household_income,life_expectancy,0.38915717591354176,0.12260694121295157,17
TR,household_income,life_expectancy,0.6079419199952532,0.027504490453014414,13
EU28,household_income,life_expectancy,0.8731865232737249,0.0021077547227014264,9
HR,household_income,life_expectancy,0.23837697720764744,0.4118174943254494,14
MK,household_income,life_expectancy,0.19213095109802447,0.6204353125794893,9
ME,household_income,life_expectancy,-0.35432683862588227,0.3494890973068422,9
RS,household_income,life_expectancy,-0.2074574784585906,0.5404771535965807,11
AL,household_income,life_expectancy,-0.7298960714491526,0.161510456109879,5
CH,life_expectancy,research_development,0.12275161981638827,0.25734851840007283,87
DK,life_expectancy,research_development,0.28685114459661265,2.4310740060627874e-05,210
FI,life_expectancy,research_development,0.20415056807468795,0.003171914001668374,207
NO,life_expectancy,research_development,0.20737238124400195,0.01144022485917497,148
DE,life_expectancy,research_development,0.14053019214943102,0.07268290448391064,164
SE,life_expectancy,research_development,0.012015126466087768,0.8920779741188894,130
UK,life_expectancy,research_development,-0.004128282824117113,0.9628198741968681,130
AT,life_expectancy,research_development,0.04290289005862845,0.6460224969849685,117
BE,life_expectancy,research_development,0.1924051269397314,0.020421153811886444,145
BG,life_expectancy,research_development,0.16856159594693743,0.043426463528672875,144
CZ,life_expectancy,research_development,0.23618487827579893,0.004372577359267179,144
EE,life_expectancy,research_development,0.32650693178601053,9.292176080182009e-05,138
EL,life_expectancy,research_development,0.30849781968957146,0.0003958522388305872,128
ES,life_expectancy,research_development,0.1825398071683973,0.02798163856620026,145
HU,life_expectancy,research_development,0.3095398670071588,0.000721747294384378,116
IE,life_expectancy,research_development,0.09141463652127971,0.3207116046929916,120
IS,life_expectancy,research_development,0.09301580167400782,0.31022253845908226,121
IT,life_expectancy,research_development,0.07014607804179336,0.41361864118900143,138
LT,life_expectancy,research_development,0.2647674285494646,0.003762842663778203,118
NL,life_expectancy,research_development,0.06171720912807292,0.48036714863326974,133
PL,life_expectancy,research_development,0.23314846299293768,0.00476981688204421,145
PT,life_expectancy,research_development,0.32511491395949726,6.60832526320649e-05,145
RO,life_expectancy,research_development,-0.14120832576430362,0.09978123025990196,137
SI,life_expectancy,research_development,0.1974870367770802,0.017266880051609326,145
SK,life_expectancy,research_development,0.10339362512760496,0.21587626031538226,145
CY,life_expectancy,research_development,0.32256852208995507,0.0001819197600038692,130
FR,life_expectancy,research_development,0.020298522897617088,0.8186924062713894,130
LU,life_expectancy,research_development,-0.1338972035120725,0.18869983309313498,98
EA19,life_expectancy,research_development,0.08679377166841419,0.36726679114125543,110
EU27_2020,life_expectancy,research_development,0.07776255778921061,0.41938564456075983,110
HR,life_expectancy,research_development,0.10299058577596382,0.31289797165575334,98
LV,life_expectancy,research_development,0.2662549238778642,0.009888975955197504,93
MT,life_expectancy,research_development,0.2663577519421895,0.008712235256757817,96
RU,life_expectancy,research_development,0.04068769427280875,0.8468785120168297,25
RS,life_expectancy,research_development,-0.004898458148707914,0.9667301893002855,75
TR,life_expectancy,research_development,0.0934769385886545,0.5098114526742215,52
ME,life_expectancy,research_development,0.13221929014027894,0.4160511438169019,40
MK,life_expectancy,research_development,-0.03404926597635913,0.858234088298912,30
AL,life_expectancy,research_development,0.03860457182410919,0.9276883117939454,8
AT,cheese_production,pizza_restaurants,0.41831499511141024,0.15487596626089653,13
BE,cheese_production,pizza_restaurants,0.859033318332897,0.00016879261449067673,13
BG,cheese_production,pizza_restaurants,-0.42451855238949965,0.14821837740757426,13
CY,cheese_production,pizza_restaurants,0.21189269033419034,0.48707681679114523,13
CZ,cheese_production,pizza_restaurants,-0.6464194573297137,0.0231257150128878,12
DE,cheese_production,pizza_restaurants,0.7894955681858082,0.0013289174399506547,13
DK,cheese_production,pizza_restaurants,0.4372895217407396,0.1351083105727483,13
EE,cheese_production,pizza_restaurants,0.5878778610567206,0.03459919183130669,13
EL,cheese_production,pizza_restaurants,-0.2828015469456879,0.3731153043743275,12
ES,cheese_production,pizza_restaurants,0.2731593947531321,0.3903165523412214,12
FI,cheese_production,pizza_restaurants,0.761081744792153,0.004038868053889993,12
FR,cheese_production,pizza_restaurants,0.8115108073018137,0.0013525111180167605,12
HR,cheese_production,pizza_restaurants,-0.5944014363152729,0.03216099115126846,13
HU,cheese_production,pizza_restaurants,-0.14649825502040528,0.6329525469812033,13
IT,cheese_production,pizza_restaurants,-0.9016890681506351,2.5321751483671694e-05,13
LT,cheese_production,pizza_restaurants,0.8427123224071478,0.0043412901964614056,9
LV,cheese_production,pizza_restaurants,0.21288632946987196,0.48498848455330984,13
NL,cheese_production,pizza_restaurants,-0.2903173296124346,0.3599866178451049,12
PL,cheese_production,pizza_restaurants,0.9151709503804969,1.1554042025697716e-05,13
PT,cheese_production,pizza_restaurants,-0.18338770160564,0.548698246178794,13
RO,cheese_production,pizza_restaurants,0.9200657490608088,8.412973702087877e-06,13
SE,cheese_production,pizza_restaurants,-0.012560735673668617,0.9675143290603317,13
SI,cheese_production,pizza_restaurants,0.28938191981105393,0.3375659345478642,13
SK,cheese_production,pizza_restaurants,0.6782119801585329,0.010833946764633458,13
UK,cheese_production,pizza_restaurants,0.818026863852646,0.0020906484431702723,11
IE,cheese_production,pizza_restaurants,0.7721715470589356,0.008860588786055302,10
CH,cheese_production,pizza_restaurants,-0.0720487090154605,0.8538570253624196,9
NO,cheese_production,pizza_restaurants,-0.804481808148414,0.029130509107321147,7
AT,bicycle_usage,cheese_production,-0.7402831916481492,0.000289839974021263,19
BE,bicycle_usage,cheese_production,-0.4038192362414055,0.08641568730067943,19
CZ,bicycle_usage,cheese_production,-0.8284778280168438,2.165878464725045e-05,18
DE,bicycle_usage,cheese_production,-0.5567772354113587,0.013282485754814133,19
FI,bicycle_usage,cheese_production,0.8118896199105949,4.2873856951144114e-05,18
FR,bicycle_usage,cheese_production,-0.19643837141450995,0.4346593293702931,18
HR,bicycle_usage,cheese_production,0.05405222237017427,0.8260480017343301,19
HU,bicycle_usage,cheese_production,-0.3007365327963275,0.21089945452959935,19
IT,bicycle_usage,cheese_production,-0.26033061993654955,0.2817414138083248,19
LT,bicycle_usage,cheese_production,-0.0057602237244407896,0.9850996223535395,13
NL,bicycle_usage,cheese_production,-0.5816754849432718,0.00898948748613135,19
PL,bicycle_usage,cheese_production,-0.7853651923348965,6.778053566163445e-05,19
RO,bicycle_usage,cheese_production,-0.2538656468506174,0.29429020782072457,19
SK,bicycle_usage,cheese_production,-0.6841428701281453,0.0012356944855483926,19
UK,bicycle_usage,cheese_production,3.5381850749196298e-15,,15
BG,bicycle_usage,cheese_production,0.016690375759744733,0.9475914101386287,18
CH,bicycle_usage,cheese_production,0.21584748216205601,0.45861186587819625,14
SE,bicycle_usage,cheese_production,-0.9011520891253285,0.002239116368071149,8
AT,bicycle_usage,pizza_restaurants,-0.2701761517954908,0.37199206135414675,13
BE,bicycle_usage,pizza_restaurants,-0.351450331511905,0.23898263513254855,13
BG,bicycle_usage,pizza_restaurants,-0.531463262277367,0.06160568089358674,13
CZ,bicycle_usage,pizza_restaurants,0.690474672712497,0.008984642230040557,13
DE,bicycle_usage,pizza_restaurants,-0.693891883555523,0.008514965107408507,13
FI,bicycle_usage,pizza_restaurants,0.4286064171639057,0.14393512205723202,13
FR,bicycle_usage,pizza_restaurants,-0.22891705562167006,0.45188049262330243,13
HR,bicycle_usage,pizza_restaurants,0.09000321150283586,0.7699758768919925,13
HU,bicycle_usage,pizza_restaurants,0.15275916192937106,0.6183254157075065,13
IT,bicycle_usage,pizza_restaurants,-0.1943230751675371,0.5246755843975482,13
LT,bicycle_usage,pizza_restaurants,-0.4213155348805942,0.15163203652748677,13
LU,bicycle_usage,pizza_restaurants,-0.8291190150104122,0.00045784646211770053,13
NL,bicycle_usage,pizza_restaurants,-0.41600311958483344,0.17860615002194902,12
PL,bicycle_usage,pizza_restaurants,-0.47248882129810144,0.10301312579983066,13
RO,bicycle_usage,pizza_restaurants,-0.05894982546796571,0.848294748552202,13
SK,bicycle_usage,pizza_restaurants,-0.5038947398497724,0.07913558474556823,13
CH,bicycle_usage,pizza_restaurants,-0.24845494777758556,0.43617803577989234,12
EU27_2020,bicycle_usage,pizza_restaurants,-0.8660475116828723,0.0011945552069266108,10
EU28,bicycle_usage,pizza_restaurants,-0.7950166013864026,0.01835792826470661,8
SE,bicycle_usage,pizza_restaurants,-0.9686813344931061,0.006621980947575007,5
FR,ice_cream_sales,sunscreen_sales,0.6631334197164575,0.0,44064
IT,ice_cream_sales,sunscreen_sales,0.6214066450790701,0.0,36144
DE,ice_cream_sales,sunscreen_sales,-0.6438010909436636,0.0,42768
EA19,ice_cream_sales,sunscreen_sales,0.7586322135709153,0.0,16416
EA20,ice_cream_sales,sunscreen_sales,0.7555517426635813,0.0,16128
EU28,ice_cream_sales,sunscreen_sales,0.7567586789022813,0.0,11812
EL,ice_cream_sales,sunscreen_sales,0.30425045157493413,0.0,31104
EU27_2020,ice_cream_sales,sunscreen_sales,0.7233905194087573,0.0,12432
TR,ice_cream_sales,sunscreen_sales,0.3150853737238562,0.0,18864
FR,air_conditioner_sales,ice_cream_sales,-0.35143856959825504,0.0,44064
DE,air_conditioner_sales,ice_cream_sales,-0.3884370455795514,0.0,42768
EL,air_conditioner_sales,ice_cream_sales,-0.32242568287590223,0.0,31104
EA19,air_conditioner_sales,ice_cream_sales,-0.4536887763461921,0.0,10944
EA20,air_conditioner_sales,ice_cream_sales,-0.4536887763461921,0.0,10944
EU27_2020,air_conditioner_sales,ice_cream_sales,-0.46646214680073794,0.0,9840
EU28,air_conditioner_sales,ice_cream_sales,-0.5640977328338128,0.0,8644
IT,air_conditioner_sales,ice_cream_sales,-0.40800168097222816,0.0,24624
TR,air_conditioner_sales,ice_cream_sales,0.8425803912257834,0.0,18864
FR,air_conditioner_sales,sunscreen_sales,-0.4513202892569737,0.0,44064
DE,air_conditioner_sales,sunscreen_sales,0.24016466298730446,0.0,42768
EL,air_conditioner_sales,sunscreen_sales,-0.6119571176746497,0.0,31104
ES,air_conditioner_sales,sunscreen_sales,-0.7021737159895448,0.0,28512
EA19,air_conditioner_sales,sunscreen_sales,-0.5609215837547479,0.0,10944
EA20,air_conditioner_sales,sunscreen_sales,-0.5609215837547479,0.0,10944
EU27_2020,air_conditioner_sales,sunscreen_sales,-0.5609215837547479,0.0,10944
EU28,air_conditioner_sales,sunscreen_sales,-0.6316538257669911,0.0,8644
IT,air_conditioner_sales,sunscreen_sales,-0.17933201292330384,4.785896771402908e-177,24624
TR,air_conditioner_sales,sunscreen_sales,0.29731413747600455,0.0,18864
FR,air_conditioner_sales,hot_chocolate_sales,0.21151530490402995,0.0,44064
DE,air_conditioner_sales,hot_chocolate_sales,0.3612023721317448,0.0,42768
EL,air_conditioner_sales,hot_chocolate_sales,0.14443836261815857,1.2756914257432613e-144,31104
ES,air_conditioner_sales,hot_chocolate_sales,0.28700165580380976,0.0,28512
EA19,air_conditioner_sales,hot_chocolate_sales,-0.18236581919559458,1.8040694288338742e-82,10944
EA20,air_conditioner_sales,hot_chocolate_sales,-0.18236581919559458,1.8040694288338742e-82,10944
EU27_2020,air_conditioner_sales,hot_chocolate_sales,-0.18236581919559458,1.8040694288338742e-82,10944
EU28,air_conditioner_sales,hot_chocolate_sales,0.042800192812558556,6.876593066043496e-05,8644
IT,air_conditioner_sales,hot_chocolate_sales,-0.4512441441236094,0.0,24624
TR,air_conditioner_sales,hot_chocolate_sales,0.22605630141150693,3.709067363437071e-217,18864
FR,air_conditioner_sales,beach_towel_sales,0.4622205115731732,0.0,44064
DE,air_conditioner_sales,beach_towel_sales,0.34371010111961375,0.0,42768
EL,air_conditioner_sales,beach_towel_sales,0.8251681615848786,0.0,31104
ES,air_conditioner_sales,beach_towel_sales,0.7403652503456896,0.0,28512
EA19,air_conditioner_sales,beach_towel_sales,0.7453260517356819,0.0,10944
EA20,air_conditioner_sales,beach_towel_sales,0.7453260517356819,0.0,10944
EU28,air_conditioner_sales,beach_towel_sales,0.7779465712146462,0.0,8644
IT,air_conditioner_sales,beach_towel_sales,0.7419307286618602,0.0,24624
TR,air_conditioner_sales,beach_towel_sales,0.4878052578578596,0.0,18864
FR,hot_chocolate_sales,ice_cream_sales,-0.17885020993509923,1.86930216526e-313,44064
IT,hot_chocolate_sales,ice_cream_sales,0.69118090127423,0.0,36144
DE,hot_chocolate_sales,ice_cream_sales,-0.6712587667307455,0.0,42768
EA19,hot_chocolate_sales,ice_cream_sales,0.4882449791957383,0.0,14832
EA20,hot_chocolate_sales,ice_cream_sales,0.485527377147699,0.0,14688
EU28,hot_chocolate_sales,ice_cream_sales,0.13735631642957905,4.727425437612993e-49,11380
EL,hot_chocolate_sales,ice_cream_sales,-0.025545142334059284,6.61299587488014e-06,31104
EU27_2020,hot_chocolate_sales,ice_cream_sales,0.22588448788193025,9.622132609036415e-134,11568
TR,hot_chocolate_sales,ice_cream_sales,0.24329338798940273,2.931008958058142e-252,18864
FR,hot_chocolate_sales,sunscreen_sales,-0.3754154906001955,0.0,44064
IT,hot_chocolate_sales,sunscreen_sales,0.6292110108967858,0.0,36144
DE,hot_chocolate_sales,sunscreen_sales,0.3895524503869503,0.0,42768
EA19,hot_chocolate_sales,sunscreen_sales,0.5086648026165687,0.0,16128
EA20,hot_chocolate_sales,sunscreen_sales,0.5086648026165687,0.0,16128
EU28,hot_chocolate_sales,sunscreen_sales,0.172442660450937,1.6281324879424363e-79,11812
EL,hot_chocolate_sales,sunscreen_sales,-0.1578656659214692,1.0250692371084013e-172,31104
ES,hot_chocolate_sales,sunscreen_sales,0.04428222351581658,7.397565203834915e-14,28512
EU27_2020,hot_chocolate_sales,sunscreen_sales,0.3880021741181223,0.0,12672
TR,hot_chocolate_sales,sunscreen_sales,0.11276752124623021,1.956544077168029e-54,18864
FR,beach_towel_sales,ice_cream_sales,-0.585164529223471,0.0,44064
IT,beach_towel_sales,ice_cream_sales,-0.680964427588166,0.0,36144
DE,beach_towel_sales,ice_cream_sales,-0.7314436192225833,0.0,42768
EL,beach_towel_sales,ice_cream_sales,-0.2468209731341317,0.0,31104
EA19,beach_towel_sales,ice_cream_sales,-0.6087305843535201,0.0,12672
EA20,beach_towel_sales,ice_cream_sales,-0.6087305843535201,0.0,12672
EU28,beach_towel_sales,ice_cream_sales,-0.6926097307798783,0.0,10372
TR,beach_towel_sales,ice_cream_sales,0.543312495925382,0.0,18864
FR,beach_towel_sales,sunscreen_sales,-0.6971288841113378,0.0,44064
IT,beach_towel_sales,sunscreen_sales,-0.6328548828346227,0.0,36144
DE,beach_towel_sales,sunscreen_sales,0.6388060593649122,0.0,42768
EL,beach_towel_sales,sunscreen_sales,-0.47512466096743383,0.0,31104
EA19,beach_towel_sales,sunscreen_sales,-0.7201371036272997,0.0,12672
EA20,beach_towel_sales,sunscreen_sales,-0.7201371036272997,0.0,12672
ES,beach_towel_sales,sunscreen_sales,-0.5180203317145572,0.0,28512
EU28,beach_towel_sales,sunscreen_sales,-0.7877947130457703,0.0,10372
TR,beach_towel_sales,sunscreen_sales,0.16291765127913482,2.3460775852286113e-112,18864
FR,beach_towel_sales,hot_chocolate_sales,0.3426526369077574,0.0,44064
IT,beach_towel_sales,hot_chocolate_sales,-0.7091412941355402,0.0,36144
DE,beach_towel_sales,hot_chocolate_sales,0.5138848843080526,0.0,42768
EL,beach_towel_sales,hot_chocolate_sales,0.11322861753539999,2.8392403495558782e-89,31104
EA19,beach_towel_sales,hot_chocolate_sales,-0.21535823606110557,7.276497807057031e-133,12672
EA20,beach_towel_sales,hot_chocolate_sales,-0.21535823606110557,7.276497807057031e-133,12672
ES,beach_towel_sales,hot_chocolate_sales,0.320171083162229,0.0,28512
EU28,beach_towel_sales,hot_chocolate_sales,0.027563274031502768,0.00499552835732952,10372
TR,beach_towel_sales,hot_chocolate_sales,0.15413969648993683,1.223392068860281e-100,18864
